<?xml version="1.0" encoding="UTF-8"?>
<folder exportedWithPermissions="true"><parent>/</parent><name>properties</name><label>System Properties</label><description>System Properties</description><creationDate>2015-03-04T16:56:01.910Z</creationDate><updateDate>2015-03-04T16:59:01.873Z</updateDate><resource>GlobalPropertiesList</resource><permission><permissionMask>32</permissionMask><recipient recipientType="role">ROLE_USER</recipient></permission><permission><permissionMask>32</permissionMask><recipient recipientType="role">CAM_REPORTS</recipient></permission></folder>