<?xml version="1.0" encoding="UTF-8"?>
<listOfValues exportedWithPermissions="true"><folder>/properties</folder><name>GlobalPropertiesList</name><version>4</version><label>GlobalPropertiesList</label><description>GlobalPropertiesList</description><creationDate>2015-03-04T16:56:03.881Z</creationDate><updateDate>2015-04-20T23:27:36.306Z</updateDate><item><itemLabel>jdbc:org.postgresql.Driver</itemLabel><itemValue xmlns:xsi="http://www.w3.org/2001/XMLSchema-instance" xsi:type="java:java.lang.String">[SYSTEM]</itemValue></item><item><itemLabel>jdbc:org.mariadb.jdbc.Driver</itemLabel><itemValue xmlns:xsi="http://www.w3.org/2001/XMLSchema-instance" xsi:type="java:java.lang.String">[SYSTEM]</itemValue></item><item><itemLabel>jdbc:com.mysql.jdbc.Driver</itemLabel><itemValue xmlns:xsi="http://www.w3.org/2001/XMLSchema-instance" xsi:type="java:java.lang.String">com_mysql_jdbc_Driver</itemValue></item></listOfValues>