<?xml version="1.0" encoding="UTF-8"?>
<folder exportedWithPermissions="true"><parent>/themes/pods_summer</parent><name>images</name><label>images</label><creationDate>2015-03-04T16:56:08.523Z</creationDate><updateDate>2014-11-21T23:46:45.798Z</updateDate><resource>adhoc_toolbar_buttons_sprite.png</resource><resource>banner_bkgd.png</resource><resource>body_bkgnd.png</resource><resource>button_action_primary_sprite.png</resource><resource>button_capsule_sprite.png</resource><resource>disclosure_indicators_sprite.png</resource><resource>footer_bkgd.png</resource><resource>logo.png</resource><resource>menu_primaryNav_sprite.png</resource><resource>tabs_horizontal_sprite.png</resource><resource>tabs_vertical_sprite.png</resource></folder>