<?xml version="1.0" encoding="UTF-8"?>
<folder exportedWithPermissions="true"><parent>/</parent><name>static_lists</name><label>static lists</label><description>common static lists for parameters</description><creationDate>2015-04-06T16:49:57.727Z</creationDate><updateDate>2015-04-06T16:49:57.727Z</updateDate><permission><permissionMask>32</permissionMask><recipient recipientType="role">CAMBI_REPORTS</recipient></permission><permission><permissionMask>32</permissionMask><recipient recipientType="role">CAM_REPORTS</recipient></permission><permission><permissionMask>32</permissionMask><recipient recipientType="role">ROLE_USER</recipient></permission></folder>