<?xml version="1.0" encoding="UTF-8"?>
<reportUnit exportedWithPermissions="true"><folder>/CAM_BI</folder><name>OpenBook2.0</name><version>17</version><label>OpenBook 2.1</label><description>This report displays Openbook from new tables.  New features: filter by date, Faster results and Exchange and Currency name&#xd;
Restriction:&#xd;
The data available is from 19/03/2015 14:00 and beyond</description><creationDate>2015-04-23T16:45:39.588Z</creationDate><updateDate>2015-04-06T17:20:54.434Z</updateDate><mainReport><localResource xmlns:xsi="http://www.w3.org/2001/XMLSchema-instance" exportedWithPermissions="false" dataFile="MainJrxml.data" xsi:type="fileResource"><folder>/CAM_BI/OpenBook2.0_files</folder><name>MainJrxml</name><version>1</version><label>Main Jrxml</label><creationDate>2015-04-23T16:45:39.588Z</creationDate><updateDate>2015-04-06T17:19:17.148Z</updateDate><fileType>jrxml</fileType></localResource></mainReport><dataSource><uri>/DataSources/CAM_OPENBOOKS</uri></dataSource><inputControl><localResource xmlns:xsi="http://www.w3.org/2001/XMLSchema-instance" exportedWithPermissions="false" xsi:type="inputControl"><folder>/CAM_BI/OpenBook2.0_files</folder><name>P_EXCHANGE_ID</name><version>1</version><label>EXCHANGE</label><description>Exchange ID</description><creationDate>2015-04-23T16:45:39.588Z</creationDate><updateDate>2015-03-22T04:42:27.180Z</updateDate><type>4</type><mandatory>true</mandatory><readOnly>false</readOnly><visible>true</visible><query><uri>/querys/CAMFUNDS/EXCHANGE</uri></query><queryVisibleColumn>exchange</queryVisibleColumn><queryValueColumn>exchange_id</queryValueColumn></localResource></inputControl><inputControl><localResource xmlns:xsi="http://www.w3.org/2001/XMLSchema-instance" exportedWithPermissions="false" xsi:type="inputControl"><folder>/CAM_BI/OpenBook2.0_files</folder><name>P_FROM_CURRENCY</name><version>1</version><label>FROM CURRENCY</label><description></description><creationDate>2015-04-23T16:45:39.588Z</creationDate><updateDate>2015-03-22T04:42:27.180Z</updateDate><type>4</type><mandatory>true</mandatory><readOnly>false</readOnly><visible>true</visible><query><uri>/querys/CAMFUNDS/curre</uri></query><queryVisibleColumn>currency_code</queryVisibleColumn><queryValueColumn>currency_id</queryValueColumn></localResource></inputControl><inputControl><localResource xmlns:xsi="http://www.w3.org/2001/XMLSchema-instance" exportedWithPermissions="false" xsi:type="inputControl"><folder>/CAM_BI/OpenBook2.0_files</folder><name>P_TO_CURRENCY</name><version>1</version><label>TO CURRENCY</label><description></description><creationDate>2015-04-23T16:45:39.588Z</creationDate><updateDate>2015-03-22T04:42:27.180Z</updateDate><type>4</type><mandatory>true</mandatory><readOnly>false</readOnly><visible>true</visible><query><uri>/querys/CAMFUNDS/curre</uri></query><queryVisibleColumn>currency_code</queryVisibleColumn><queryValueColumn>currency_id</queryValueColumn></localResource></inputControl><inputControl><localResource xmlns:xsi="http://www.w3.org/2001/XMLSchema-instance" exportedWithPermissions="false" xsi:type="inputControl"><folder>/CAM_BI/OpenBook2.0_files</folder><name>P_FROM_DATE</name><version>1</version><label>FROM DATE : yyyy-mm-dd HH:MM:SS</label><description></description><creationDate>2015-04-23T16:45:39.588Z</creationDate><updateDate>2015-03-22T04:42:27.180Z</updateDate><type>2</type><mandatory>true</mandatory><readOnly>false</readOnly><visible>true</visible><dataType><localResource exportedWithPermissions="false" xsi:type="dataType"><folder>/CAM_BI/OpenBook2.0_files/P_FROM_DATE_files</folder><name>DataType</name><version>0</version><label>DataType</label><description></description><creationDate>2015-04-23T16:45:39.588Z</creationDate><updateDate>2015-03-22T04:42:27.180Z</updateDate><type>4</type><strictMin>false</strictMin><strictMax>false</strictMax></localResource></dataType></localResource></inputControl><inputControl><localResource xmlns:xsi="http://www.w3.org/2001/XMLSchema-instance" exportedWithPermissions="false" xsi:type="inputControl"><folder>/CAM_BI/OpenBook2.0_files</folder><name>P_TO_DATE</name><version>1</version><label>TO DATE: yyyy-mm-dd HH:MM:SS</label><description></description><creationDate>2015-04-23T16:45:39.588Z</creationDate><updateDate>2015-03-22T04:42:27.180Z</updateDate><type>2</type><mandatory>true</mandatory><readOnly>false</readOnly><visible>true</visible><dataType><localResource exportedWithPermissions="false" xsi:type="dataType"><folder>/CAM_BI/OpenBook2.0_files/P_TO_DATE_files</folder><name>DataType</name><version>0</version><label>DataType</label><description></description><creationDate>2015-04-23T16:45:39.588Z</creationDate><updateDate>2015-03-22T04:42:27.180Z</updateDate><type>4</type><strictMin>false</strictMin><strictMax>false</strictMax></localResource></dataType></localResource></inputControl><inputControl><localResource xmlns:xsi="http://www.w3.org/2001/XMLSchema-instance" exportedWithPermissions="false" xsi:type="inputControl"><folder>/CAM_BI/OpenBook2.0_files</folder><name>P_ASK_BID_POSITION</name><version>1</version><label>ASK AND BID POSITION</label><description></description><creationDate>2015-04-23T16:45:39.588Z</creationDate><updateDate>2015-03-22T04:42:27.180Z</updateDate><type>3</type><mandatory>true</mandatory><readOnly>false</readOnly><visible>true</visible><listOfValues><uri>/static_lists/OPENBOOK/OPENBOOK_POSITION</uri></listOfValues></localResource></inputControl><inputControl><localResource xmlns:xsi="http://www.w3.org/2001/XMLSchema-instance" exportedWithPermissions="false" xsi:type="inputControl"><folder>/CAM_BI/OpenBook2.0_files</folder><name>P_TYPE</name><version>1</version><label>TYPE</label><description></description><creationDate>2015-04-23T16:45:39.588Z</creationDate><updateDate>2015-03-22T04:42:27.180Z</updateDate><type>3</type><mandatory>true</mandatory><readOnly>false</readOnly><visible>true</visible><listOfValues><uri>/static_lists/OPENBOOK/OPENBOOK_TYPE</uri></listOfValues></localResource></inputControl><inputControl><localResource xmlns:xsi="http://www.w3.org/2001/XMLSchema-instance" exportedWithPermissions="false" xsi:type="inputControl"><folder>/CAM_BI/OpenBook2.0_files</folder><name>P_LIMIT</name><version>1</version><label>ROW LIMIT</label><description></description><creationDate>2015-04-23T16:45:39.588Z</creationDate><updateDate>2015-04-06T17:20:54.434Z</updateDate><type>3</type><mandatory>true</mandatory><readOnly>false</readOnly><visible>true</visible><listOfValues><uri>/static_lists/LIMIT</uri></listOfValues></localResource></inputControl><inputControlRenderingView></inputControlRenderingView><alwaysPromptControls>true</alwaysPromptControls><controlsLayout>4</controlsLayout></reportUnit>