<?xml version="1.0" encoding="UTF-8"?>
<query exportedWithPermissions="true"><folder>/querys/CAMFUNDS</folder><name>CORE_SPECIFIC</name><version>1</version><label>CORE_SPECIFIC</label><description>Core list without ALL option</description><creationDate>2015-04-20T22:08:08.193Z</creationDate><updateDate>2015-04-20T22:10:36.482Z</updateDate><language>sql</language><queryString>select core_id, name core 
from CAMFUNDS.core</queryString><dataSource><uri>/DataSources/CAM_OPENBOOKS</uri></dataSource></query>