<?xml version="1.0" encoding="UTF-8"?>
<folder exportedWithPermissions="true"><parent>/</parent><name>CAM_BI</name><label>HAVEN BI</label><description>HAVEN BUSSINESS INTELIGENCE</description><creationDate>2015-03-22T05:36:45.015Z</creationDate><updateDate>2015-04-20T21:31:10.213Z</updateDate><resource>OpenBook2.0</resource><resource>PublicTrades1.0</resource><permission><permissionMask>0</permissionMask><recipient recipientType="role">ROLE_USER</recipient></permission><permission><permissionMask>2</permissionMask><recipient recipientType="role">CAM_REPORTS</recipient></permission></folder>