<?xml version="1.0" encoding="UTF-8"?>
<folder exportedWithPermissions="true"><parent>/</parent><name>jdbc</name><label>jdbc</label><creationDate>2015-03-04T18:28:50.243Z</creationDate><updateDate>2015-03-04T18:28:50.243Z</updateDate><folder>com_mysql_jdbc_Driver</folder><folder>com_mysql_jdbc_Driver_1429572456249</folder><permission><permissionMask>32</permissionMask><recipient recipientType="role">CAM_REPORTS</recipient></permission><permission><permissionMask>32</permissionMask><recipient recipientType="role">ROLE_USER</recipient></permission></folder>