<?xml version="1.0" encoding="UTF-8"?>
<query exportedWithPermissions="true"><folder>/querys/CAMFUNDS</folder><name>CORE</name><version>1</version><label>CORE</label><description></description><creationDate>2015-04-13T17:55:42.616Z</creationDate><updateDate>2015-04-13T17:56:06.532Z</updateDate><language>sql</language><queryString>select 'ALL' core_id,'ALL' core
union
SELECT core_id, name core FROM CAMFUNDS.core
order by core_id desc</queryString><dataSource><uri>/DataSources/CAM_OPENBOOKS</uri></dataSource></query>