<?xml version="1.0" encoding="UTF-8"?>
<query exportedWithPermissions="true"><folder>/querys/CAMFUNDS</folder><name>FIAT_CURRENCY</name><version>0</version><label>FIAT_CURRENCY</label><description></description><creationDate>2015-03-26T17:57:43.388Z</creationDate><updateDate>2015-03-26T17:57:43.388Z</updateDate><language>sql</language><queryString>select 'ALL' currency_id, 'ALL' currency_code
union
select currency_id, currency_code
from CAMFUNDS.currency 
where TYPE = 'FIAT'
order by currency_code asc</queryString></query>