<?xml version="1.0" encoding="UTF-8"?>
<listOfValues exportedWithPermissions="true"><folder>/static_lists</folder><name>LIMIT</name><version>3</version><label>LIMIT</label><description>Row limit</description><creationDate>2015-04-23T16:54:10.464Z</creationDate><updateDate>2015-04-06T16:51:38.711Z</updateDate><item><itemLabel>1000 ROWS</itemLabel><itemValue xmlns:xsi="http://www.w3.org/2001/XMLSchema-instance" xsi:type="java:java.lang.String">1000</itemValue></item><item><itemLabel>10,000 ROWS</itemLabel><itemValue xmlns:xsi="http://www.w3.org/2001/XMLSchema-instance" xsi:type="java:java.lang.String">10000</itemValue></item><item><itemLabel>100,000 ROWS</itemLabel><itemValue xmlns:xsi="http://www.w3.org/2001/XMLSchema-instance" xsi:type="java:java.lang.String">100000</itemValue></item><item><itemLabel>500,000 ROWS</itemLabel><itemValue xmlns:xsi="http://www.w3.org/2001/XMLSchema-instance" xsi:type="java:java.lang.String">500000</itemValue></item><item><itemLabel>ALL</itemLabel><itemValue xmlns:xsi="http://www.w3.org/2001/XMLSchema-instance" xsi:type="java:java.lang.String">9223372036854775807</itemValue></item></listOfValues>