<?xml version="1.0" encoding="UTF-8"?>
<jdbcDataSource exportedWithPermissions="true"><folder>/DataSources</folder><name>CAM_OPENBOOKS</name><version>24</version><label>HAVEN</label><description>HAVEN DATABASE</description><creationDate>2015-04-23T16:54:10.309Z</creationDate><updateDate>2015-04-22T19:08:47.990Z</updateDate><driver>com.mysql.jdbc.Driver</driver><connectionUrl>jdbc:mysql://cammainmetricsdatastore.cgfy3bzwrqdj.us-east-1.rds.amazonaws.com:3306/CAMFUNDS</connectionUrl><connectionUser>cambi</connectionUser><connectionPassword>ENC&lt;178E5A37A2225BD00767010D15560719717C2237401B15C9164FBB75EF898C38&gt;</connectionPassword><timezone></timezone></jdbcDataSource>