<?xml version="1.0" encoding="UTF-8"?>
<reportUnit exportedWithPermissions="true"><folder>/CAM_BI</folder><name>PublicTrades1.0</name><version>21</version><label>Public Trades 1.0</label><description>Get all the public trades from the exchanges</description><creationDate>2015-03-28T22:39:12.790Z</creationDate><updateDate>2015-04-06T17:24:04.819Z</updateDate><mainReport><localResource xmlns:xsi="http://www.w3.org/2001/XMLSchema-instance" exportedWithPermissions="false" dataFile="main_jrxml.data" xsi:type="fileResource"><folder>/CAM_BI/PublicTrades1.0_files</folder><name>main_jrxml</name><version>7</version><label>Main jrxml</label><creationDate>2015-03-28T22:41:52.934Z</creationDate><updateDate>2015-03-28T22:51:01.567Z</updateDate><fileType>jrxml</fileType></localResource></mainReport><dataSource><uri>/DataSources/CAM_OPENBOOKS</uri></dataSource><inputControl><localResource xmlns:xsi="http://www.w3.org/2001/XMLSchema-instance" exportedWithPermissions="false" xsi:type="inputControl"><folder>/CAM_BI/PublicTrades1.0_files</folder><name>P_TYPE</name><version>17</version><label>TRADE TYPE</label><description></description><creationDate>2015-03-28T22:41:53.873Z</creationDate><updateDate>2015-03-28T22:41:53.873Z</updateDate><type>3</type><mandatory>true</mandatory><readOnly>false</readOnly><visible>true</visible><listOfValues><localResource exportedWithPermissions="false" xsi:type="listOfValues"><folder>/CAM_BI/PublicTrades1.0_files/P_TYPE_files</folder><name>TRA</name><version>10</version><label>TRADE_TYPE</label><description></description><creationDate>2015-03-28T22:48:04.879Z</creationDate><updateDate>2015-03-28T22:48:04.879Z</updateDate><item><itemLabel>ALL</itemLabel><itemValue xsi:type="java:java.lang.String">ALL</itemValue></item><item><itemLabel>SELL</itemLabel><itemValue xsi:type="java:java.lang.String">0</itemValue></item><item><itemLabel>BUY</itemLabel><itemValue xsi:type="java:java.lang.String">1</itemValue></item></localResource></listOfValues></localResource></inputControl><inputControl><localResource xmlns:xsi="http://www.w3.org/2001/XMLSchema-instance" exportedWithPermissions="false" xsi:type="inputControl"><folder>/CAM_BI/PublicTrades1.0_files</folder><name>P_EXCHANGE_ID</name><version>16</version><label>EXCHANGE</label><description></description><creationDate>2015-03-28T22:41:54.021Z</creationDate><updateDate>2015-03-28T22:41:54.021Z</updateDate><type>4</type><mandatory>true</mandatory><readOnly>false</readOnly><visible>true</visible><query><uri>/querys/CAMFUNDS/EXCHANGE</uri></query><queryVisibleColumn>exchange</queryVisibleColumn><queryValueColumn>exchange_id</queryValueColumn></localResource></inputControl><inputControl><localResource xmlns:xsi="http://www.w3.org/2001/XMLSchema-instance" exportedWithPermissions="false" xsi:type="inputControl"><folder>/CAM_BI/PublicTrades1.0_files</folder><name>P_FROM_CURRENCY</name><version>15</version><label>FROM CURRENCY</label><description></description><creationDate>2015-03-28T22:41:54.163Z</creationDate><updateDate>2015-03-28T22:41:54.163Z</updateDate><type>4</type><mandatory>true</mandatory><readOnly>false</readOnly><visible>true</visible><query><uri>/querys/CAMFUNDS/curre</uri></query><queryVisibleColumn>currency_code</queryVisibleColumn><queryValueColumn>currency_id</queryValueColumn></localResource></inputControl><inputControl><localResource xmlns:xsi="http://www.w3.org/2001/XMLSchema-instance" exportedWithPermissions="false" xsi:type="inputControl"><folder>/CAM_BI/PublicTrades1.0_files</folder><name>P_TO_CURRENCY</name><version>14</version><label>TO CURRENCY</label><description></description><creationDate>2015-03-28T22:41:54.323Z</creationDate><updateDate>2015-03-28T22:41:54.323Z</updateDate><type>4</type><mandatory>true</mandatory><readOnly>false</readOnly><visible>true</visible><query><uri>/querys/CAMFUNDS/curre</uri></query><queryVisibleColumn>currency_code</queryVisibleColumn><queryValueColumn>currency_id</queryValueColumn></localResource></inputControl><inputControl><localResource xmlns:xsi="http://www.w3.org/2001/XMLSchema-instance" exportedWithPermissions="false" xsi:type="inputControl"><folder>/CAM_BI/PublicTrades1.0_files</folder><name>P_DATE_FROM</name><version>13</version><label>FROM DATE : yyyy-mm-dd HH:MM:SS</label><description></description><creationDate>2015-03-28T22:41:54.503Z</creationDate><updateDate>2015-03-28T22:41:54.503Z</updateDate><type>2</type><mandatory>true</mandatory><readOnly>false</readOnly><visible>true</visible><dataType><localResource exportedWithPermissions="false" xsi:type="dataType"><folder>/CAM_BI/PublicTrades1.0_files/P_DATE_FROM_files</folder><name>myDatatype</name><version>1</version><label>myDatatype</label><description></description><creationDate>2015-03-28T22:41:54.503Z</creationDate><updateDate>2015-03-28T22:41:54.503Z</updateDate><type>4</type><strictMin>false</strictMin><strictMax>false</strictMax></localResource></dataType></localResource></inputControl><inputControl><localResource xmlns:xsi="http://www.w3.org/2001/XMLSchema-instance" exportedWithPermissions="false" xsi:type="inputControl"><folder>/CAM_BI/PublicTrades1.0_files</folder><name>P_DATE_TO</name><version>12</version><label>TO DATE: yyyy-mm-dd HH:MM:SS</label><description></description><creationDate>2015-03-28T22:41:54.679Z</creationDate><updateDate>2015-03-28T22:41:54.679Z</updateDate><type>2</type><mandatory>true</mandatory><readOnly>false</readOnly><visible>true</visible><dataType><localResource exportedWithPermissions="false" xsi:type="dataType"><folder>/CAM_BI/PublicTrades1.0_files/P_DATE_TO_files</folder><name>myDatatype</name><version>1</version><label>myDatatype</label><description></description><creationDate>2015-03-28T22:41:54.679Z</creationDate><updateDate>2015-03-28T22:41:54.679Z</updateDate><type>4</type><strictMin>false</strictMin><strictMax>false</strictMax></localResource></dataType></localResource></inputControl><inputControl><localResource xmlns:xsi="http://www.w3.org/2001/XMLSchema-instance" exportedWithPermissions="false" xsi:type="inputControl"><folder>/CAM_BI/PublicTrades1.0_files</folder><name>P_ORDERBY</name><version>11</version><label>ORDER BY DATE</label><description></description><creationDate>2015-03-28T22:41:54.895Z</creationDate><updateDate>2015-03-28T22:41:54.895Z</updateDate><type>3</type><mandatory>true</mandatory><readOnly>false</readOnly><visible>true</visible><listOfValues><uri>/static_lists/ORDER</uri></listOfValues></localResource></inputControl><inputControl><localResource xmlns:xsi="http://www.w3.org/2001/XMLSchema-instance" exportedWithPermissions="false" xsi:type="inputControl"><folder>/CAM_BI/PublicTrades1.0_files</folder><name>P_LIMIT</name><version>2</version><label>ROW LIMIT</label><description></description><creationDate>2015-04-06T17:22:44.520Z</creationDate><updateDate>2015-04-06T17:22:44.520Z</updateDate><type>3</type><mandatory>true</mandatory><readOnly>false</readOnly><visible>true</visible><listOfValues><uri>/static_lists/LIMIT</uri></listOfValues></localResource></inputControl><inputControlRenderingView></inputControlRenderingView><alwaysPromptControls>true</alwaysPromptControls><controlsLayout>4</controlsLayout></reportUnit>