<?xml version="1.0" encoding="UTF-8"?>
<folder exportedWithPermissions="true"><parent>/</parent><name>themes</name><label>Themes</label><creationDate>2015-03-04T16:56:08.223Z</creationDate><updateDate>2014-11-21T23:46:26.274Z</updateDate><folder>default</folder><folder>jasper_dark</folder><folder>pods_summer</folder><permission><permissionMask>32</permissionMask><recipient recipientType="role">CAM_REPORTS</recipient></permission><permission><permissionMask>32</permissionMask><recipient recipientType="role">ROLE_USER</recipient></permission></folder>