<?xml version="1.0" encoding="UTF-8"?>
<query exportedWithPermissions="true"><folder>/querys/CAMFUNDS</folder><name>curre</name><version>4</version><label>CURRENCY</label><description></description><creationDate>2015-04-23T16:54:10.368Z</creationDate><updateDate>2015-03-26T18:13:55.961Z</updateDate><language>sql</language><queryString>select 'ALL' currency_id, 'ALL' currency_code
union
select currency_id, currency_code
from CAMFUNDS.currency
order by currency_code asc</queryString><dataSource><uri>/DataSources/CAM_OPENBOOKS</uri></dataSource></query>