<?xml version="1.0" encoding="UTF-8"?>
<query exportedWithPermissions="true"><folder>/querys/CAMFUNDS</folder><name>EXCHANGE</name><version>4</version><label>EXCHANGE</label><description></description><creationDate>2015-04-23T16:54:10.336Z</creationDate><updateDate>2015-03-22T05:13:17.968Z</updateDate><language>sql</language><queryString>select 'ALL' exchange_id,'ALL' exchange
union
select  exchange_id,CONCAT(exchange_id,' - ',name ) exchange
from CAMFUNDS.exchange
order by exchange_id desc</queryString><dataSource><uri>/DataSources/CAM_OPENBOOKS</uri></dataSource></query>