<?xml version="1.0" encoding="UTF-8"?>
<reportUnit exportedWithPermissions="true"><folder>/CAM</folder><name>Profit</name><version>60</version><label>Profit Calculation (Beta)</label><description>Profit Calculation using taker/maker balances on a given period of time</description><creationDate>2015-04-20T21:39:30.443Z</creationDate><updateDate>2015-04-22T20:14:37.852Z</updateDate><permission><permissionMask>6</permissionMask><recipient recipientType="role">ROLE_USER</recipient></permission><mainReport><localResource xmlns:xsi="http://www.w3.org/2001/XMLSchema-instance" exportedWithPermissions="false" dataFile="main_jrxml.data" xsi:type="fileResource"><folder>/CAM/Profit_files</folder><name>main_jrxml</name><version>44</version><label>Main jrxml</label><creationDate>2015-04-20T22:00:31.879Z</creationDate><updateDate>2015-04-22T20:14:09.304Z</updateDate><fileType>jrxml</fileType></localResource></mainReport><dataSource><uri>/DataSources/HAVEN_JDNI</uri></dataSource><inputControl><localResource xmlns:xsi="http://www.w3.org/2001/XMLSchema-instance" exportedWithPermissions="false" xsi:type="inputControl"><folder>/CAM/Profit_files</folder><name>P_CORE_ID</name><version>1</version><label>CORE</label><description></description><creationDate>2015-04-22T20:14:37.852Z</creationDate><updateDate>2015-04-22T20:14:37.852Z</updateDate><type>4</type><mandatory>true</mandatory><readOnly>false</readOnly><visible>true</visible><query><uri>/querys/CAMFUNDS/CORE_SPECIFIC</uri></query><queryVisibleColumn>core</queryVisibleColumn><queryValueColumn>core_id</queryValueColumn></localResource></inputControl><inputControl><localResource xmlns:xsi="http://www.w3.org/2001/XMLSchema-instance" exportedWithPermissions="false" xsi:type="inputControl"><folder>/CAM/Profit_files</folder><name>P_FROM_DATE</name><version>1</version><label>FROM DATE : Input format yyyy-mm-dd </label><description></description><creationDate>2015-04-22T20:14:37.852Z</creationDate><updateDate>2015-04-22T20:14:37.852Z</updateDate><type>2</type><mandatory>true</mandatory><readOnly>false</readOnly><visible>true</visible><dataType><localResource exportedWithPermissions="false" xsi:type="dataType"><folder>/CAM/Profit_files/P_FROM_DATE_files</folder><name>myDatatype</name><version>0</version><label>myDatatype</label><description></description><creationDate>2015-04-22T20:14:37.852Z</creationDate><updateDate>2015-04-22T20:14:37.852Z</updateDate><type>4</type><strictMin>false</strictMin><strictMax>false</strictMax></localResource></dataType></localResource></inputControl><inputControl><localResource xmlns:xsi="http://www.w3.org/2001/XMLSchema-instance" exportedWithPermissions="false" xsi:type="inputControl"><folder>/CAM/Profit_files</folder><name>P_TO_DATE</name><version>1</version><label>FROM DATE : Input format yyyy-mm-dd </label><description></description><creationDate>2015-04-22T20:14:37.852Z</creationDate><updateDate>2015-04-22T20:14:37.852Z</updateDate><type>2</type><mandatory>true</mandatory><readOnly>false</readOnly><visible>true</visible><dataType><localResource exportedWithPermissions="false" xsi:type="dataType"><folder>/CAM/Profit_files/P_TO_DATE_files</folder><name>myDatatype</name><version>0</version><label>myDatatype</label><description></description><creationDate>2015-04-22T20:14:37.852Z</creationDate><updateDate>2015-04-22T20:14:37.852Z</updateDate><type>4</type><strictMin>false</strictMin><strictMax>false</strictMax></localResource></dataType></localResource></inputControl><inputControl><localResource xmlns:xsi="http://www.w3.org/2001/XMLSchema-instance" exportedWithPermissions="false" xsi:type="inputControl"><folder>/CAM/Profit_files</folder><name>P_START_COIN_BALANCE</name><version>1</version><label>START COIN BALANCE</label><description></description><creationDate>2015-04-22T20:14:37.852Z</creationDate><updateDate>2015-04-22T20:14:37.852Z</updateDate><type>2</type><mandatory>true</mandatory><readOnly>false</readOnly><visible>true</visible><dataType><localResource exportedWithPermissions="false" xsi:type="dataType"><folder>/CAM/Profit_files/P_START_COIN_BALANCE_files</folder><name>myDatatype</name><version>0</version><label>myDatatype</label><description></description><creationDate>2015-04-22T20:14:37.852Z</creationDate><updateDate>2015-04-22T20:14:37.852Z</updateDate><type>2</type><strictMin>false</strictMin><strictMax>false</strictMax></localResource></dataType></localResource></inputControl><inputControl><localResource xmlns:xsi="http://www.w3.org/2001/XMLSchema-instance" exportedWithPermissions="false" xsi:type="inputControl"><folder>/CAM/Profit_files</folder><name>P_COIN_DIFF</name><version>1</version><label>COIN DIFFERENCE TOLERANCE</label><description></description><creationDate>2015-04-22T20:14:37.852Z</creationDate><updateDate>2015-04-22T20:14:37.852Z</updateDate><type>2</type><mandatory>true</mandatory><readOnly>false</readOnly><visible>true</visible><dataType><localResource exportedWithPermissions="false" xsi:type="dataType"><folder>/CAM/Profit_files/P_COIN_DIFF_files</folder><name>myDatatype</name><version>0</version><label>myDatatype</label><description></description><creationDate>2015-04-22T20:14:37.852Z</creationDate><updateDate>2015-04-22T20:14:37.852Z</updateDate><type>2</type><strictMin>false</strictMin><strictMax>false</strictMax></localResource></dataType></localResource></inputControl><inputControl><localResource xmlns:xsi="http://www.w3.org/2001/XMLSchema-instance" exportedWithPermissions="false" xsi:type="inputControl"><folder>/CAM/Profit_files</folder><name>P_EXCH_RATE_Y_USD</name><version>1</version><label>EXCHANGE RATE</label><description></description><creationDate>2015-04-22T20:14:37.852Z</creationDate><updateDate>2015-04-22T20:14:37.852Z</updateDate><type>2</type><mandatory>true</mandatory><readOnly>false</readOnly><visible>true</visible><dataType><localResource exportedWithPermissions="false" xsi:type="dataType"><folder>/CAM/Profit_files/P_EXCH_RATE_Y_USD_files</folder><name>myDatatype</name><version>0</version><label>myDatatype</label><description></description><creationDate>2015-04-22T20:14:37.852Z</creationDate><updateDate>2015-04-22T20:14:37.852Z</updateDate><type>2</type><strictMin>false</strictMin><strictMax>false</strictMax></localResource></dataType></localResource></inputControl><inputControl><localResource xmlns:xsi="http://www.w3.org/2001/XMLSchema-instance" exportedWithPermissions="false" xsi:type="inputControl"><folder>/CAM/Profit_files</folder><name>BALANCES</name><version>1</version><label>BALANCES</label><description></description><creationDate>2015-04-22T20:14:37.852Z</creationDate><updateDate>2015-04-22T20:14:37.852Z</updateDate><type>3</type><mandatory>true</mandatory><readOnly>false</readOnly><visible>true</visible><listOfValues><localResource exportedWithPermissions="false" xsi:type="listOfValues"><folder>/CAM/Profit_files/BALANCES_files</folder><name>BALANCE_RECORDSET</name><version>0</version><label>BALANCE_RECORDSET</label><description></description><creationDate>2015-04-22T20:14:37.852Z</creationDate><updateDate>2015-04-22T20:14:37.852Z</updateDate><item><itemLabel>ONLY PROFIT BALANCES</itemLabel><itemValue xsi:type="java:java.lang.String">2</itemValue></item><item><itemLabel>ALL BALANCES MATCHED</itemLabel><itemValue xsi:type="java:java.lang.String">1</itemValue></item></localResource></listOfValues></localResource></inputControl><inputControl><localResource xmlns:xsi="http://www.w3.org/2001/XMLSchema-instance" exportedWithPermissions="false" xsi:type="inputControl"><folder>/CAM/Profit_files</folder><name>P_RESULT_SET</name><version>1</version><label>BALANCES</label><description></description><creationDate>2015-04-22T20:14:37.852Z</creationDate><updateDate>2015-04-22T20:14:37.852Z</updateDate><type>3</type><mandatory>true</mandatory><readOnly>false</readOnly><visible>true</visible><listOfValues><localResource exportedWithPermissions="false" xsi:type="listOfValues"><folder>/CAM/Profit_files/P_RESULT_SET_files</folder><name>B</name><version>0</version><label>BALANCE_RECORDSET</label><description></description><creationDate>2015-04-22T20:14:37.852Z</creationDate><updateDate>2015-04-22T20:14:37.852Z</updateDate><item><itemLabel>ONLY PROFIT BALANCES</itemLabel><itemValue xsi:type="java:java.lang.String">2</itemValue></item><item><itemLabel>ALL BALANCES MATCHED</itemLabel><itemValue xsi:type="java:java.lang.String">1</itemValue></item></localResource></listOfValues></localResource></inputControl><inputControl><localResource xmlns:xsi="http://www.w3.org/2001/XMLSchema-instance" exportedWithPermissions="false" xsi:type="inputControl"><folder>/CAM/Profit_files</folder><name>P_ARB_DIFF_TOL</name><version>1</version><label>P_ARB_DIFF_TOL</label><description></description><creationDate>2015-04-22T20:14:37.852Z</creationDate><updateDate>2015-04-22T20:14:37.852Z</updateDate><type>2</type><mandatory>false</mandatory><readOnly>false</readOnly><visible>true</visible><dataType><localResource exportedWithPermissions="false" xsi:type="dataType"><folder>/CAM/Profit_files/P_ARB_DIFF_TOL_files</folder><name>myDatatype</name><version>0</version><label>myDatatype</label><creationDate>2015-04-22T20:14:37.852Z</creationDate><updateDate>2015-04-22T20:14:37.852Z</updateDate><type>1</type><strictMin>false</strictMin><strictMax>false</strictMax></localResource></dataType></localResource></inputControl><resource><localResource xmlns:xsi="http://www.w3.org/2001/XMLSchema-instance" exportedWithPermissions="false" dataFile="Profit_Total.jrxml.data" xsi:type="fileResource"><folder>/CAM/Profit_files</folder><name>Profit_Total.jrxml</name><version>44</version><label>Profit_Total.jrxml</label><creationDate>2015-04-20T22:00:31.879Z</creationDate><updateDate>2015-04-22T20:14:37.737Z</updateDate><fileType>jrxml</fileType></localResource></resource><inputControlRenderingView></inputControlRenderingView><alwaysPromptControls>true</alwaysPromptControls><controlsLayout>4</controlsLayout></reportUnit>