<?xml version="1.0" encoding="UTF-8"?>
<folder exportedWithPermissions="true"><parent>/</parent><name>CAM</name><label>HAVEN FUNDS</label><description>HAVEN CAPITAL Reports</description><creationDate>2015-03-26T17:58:50.026Z</creationDate><updateDate>2015-04-20T21:31:37.366Z</updateDate><permission><permissionMask>2</permissionMask><recipient recipientType="role">CAM_REPORTS</recipient></permission><permission><permissionMask>32</permissionMask><recipient recipientType="role">ROLE_USER</recipient></permission></folder>