<?xml version="1.0" encoding="UTF-8"?>
<reportUnit exportedWithPermissions="true"><folder>/CAM</folder><name>PrivateBalances1.0</name><version>29</version><label>Private Trades 1.0</label><description>Private Trades from Exchanges</description><creationDate>2015-03-31T23:37:00.759Z</creationDate><updateDate>2015-04-13T18:12:28.129Z</updateDate><mainReport><localResource xmlns:xsi="http://www.w3.org/2001/XMLSchema-instance" exportedWithPermissions="false" dataFile="main_jrxml.data" xsi:type="fileResource"><folder>/CAM/PrivateBalances1.0_files</folder><name>main_jrxml</name><version>46</version><label>Main jrxml</label><creationDate>2015-03-31T23:37:00.759Z</creationDate><updateDate>2015-04-13T18:12:28.073Z</updateDate><fileType>jrxml</fileType></localResource></mainReport><dataSource><uri>/DataSources/CAM_OPENBOOKS</uri></dataSource><inputControl><localResource xmlns:xsi="http://www.w3.org/2001/XMLSchema-instance" exportedWithPermissions="false" xsi:type="inputControl"><folder>/CAM/PrivateBalances1.0_files</folder><name>P_FROM_DATE</name><version>29</version><label>FROM DATE :  yyyy-mm-dd HH:MM:SS</label><description></description><creationDate>2015-03-31T23:37:00.759Z</creationDate><updateDate>2015-03-31T23:37:00.759Z</updateDate><type>2</type><mandatory>true</mandatory><readOnly>false</readOnly><visible>true</visible><dataType><localResource exportedWithPermissions="false" xsi:type="dataType"><folder>/CAM/PrivateBalances1.0_files/P_FROM_DATE_files</folder><name>myDatatype</name><version>0</version><label>myDatatype</label><description></description><creationDate>2015-03-31T23:37:00.759Z</creationDate><updateDate>2015-03-31T23:37:00.759Z</updateDate><type>4</type><strictMin>false</strictMin><strictMax>false</strictMax></localResource></dataType></localResource></inputControl><inputControl><localResource xmlns:xsi="http://www.w3.org/2001/XMLSchema-instance" exportedWithPermissions="false" xsi:type="inputControl"><folder>/CAM/PrivateBalances1.0_files</folder><name>P_TO_DATE</name><version>29</version><label>TO DATE:  yyyy-mm-dd HH:MM:SS</label><description></description><creationDate>2015-03-31T23:37:00.759Z</creationDate><updateDate>2015-03-31T23:37:00.759Z</updateDate><type>2</type><mandatory>true</mandatory><readOnly>false</readOnly><visible>true</visible><dataType><localResource exportedWithPermissions="false" xsi:type="dataType"><folder>/CAM/PrivateBalances1.0_files/P_TO_DATE_files</folder><name>myDatatype</name><version>0</version><label>myDatatype</label><description></description><creationDate>2015-03-31T23:37:00.759Z</creationDate><updateDate>2015-03-31T23:37:00.759Z</updateDate><type>4</type><strictMin>false</strictMin><strictMax>false</strictMax></localResource></dataType></localResource></inputControl><inputControl><localResource xmlns:xsi="http://www.w3.org/2001/XMLSchema-instance" exportedWithPermissions="false" xsi:type="inputControl"><folder>/CAM/PrivateBalances1.0_files</folder><name>P_EXCHANGE_ID</name><version>29</version><label>EXCHANGE</label><description></description><creationDate>2015-03-31T23:37:00.759Z</creationDate><updateDate>2015-03-31T23:37:00.759Z</updateDate><type>4</type><mandatory>true</mandatory><readOnly>false</readOnly><visible>true</visible><query><uri>/querys/CAMFUNDS/EXCHANGE</uri></query><queryVisibleColumn>exchange</queryVisibleColumn><queryValueColumn>exchange_id</queryValueColumn></localResource></inputControl><inputControl><localResource xmlns:xsi="http://www.w3.org/2001/XMLSchema-instance" exportedWithPermissions="false" xsi:type="inputControl"><folder>/CAM/PrivateBalances1.0_files</folder><name>P_FROM_CURRENCY</name><version>29</version><label>FROM CURRENCY</label><description></description><creationDate>2015-03-31T23:37:00.759Z</creationDate><updateDate>2015-03-31T23:37:00.759Z</updateDate><type>4</type><mandatory>true</mandatory><readOnly>false</readOnly><visible>true</visible><query><uri>/querys/CAMFUNDS/curre</uri></query><queryVisibleColumn>currency_code</queryVisibleColumn><queryValueColumn>currency_id</queryValueColumn></localResource></inputControl><inputControl><localResource xmlns:xsi="http://www.w3.org/2001/XMLSchema-instance" exportedWithPermissions="false" xsi:type="inputControl"><folder>/CAM/PrivateBalances1.0_files</folder><name>P_TO_CURRENCY</name><version>29</version><label>TO CURRENCY</label><description></description><creationDate>2015-03-31T23:37:00.759Z</creationDate><updateDate>2015-03-31T23:37:00.759Z</updateDate><type>4</type><mandatory>true</mandatory><readOnly>false</readOnly><visible>true</visible><query><uri>/querys/CAMFUNDS/curre</uri></query><queryVisibleColumn>currency_code</queryVisibleColumn><queryValueColumn>currency_id</queryValueColumn></localResource></inputControl><inputControl><localResource xmlns:xsi="http://www.w3.org/2001/XMLSchema-instance" exportedWithPermissions="false" xsi:type="inputControl"><folder>/CAM/PrivateBalances1.0_files</folder><name>P_BUC</name><version>29</version><label>CORE</label><description></description><creationDate>2015-03-31T23:37:00.759Z</creationDate><updateDate>2015-03-31T23:37:00.759Z</updateDate><type>4</type><mandatory>true</mandatory><readOnly>false</readOnly><visible>true</visible><query><uri>/querys/CAMFUNDS/CORE</uri></query><queryVisibleColumn>core</queryVisibleColumn><queryValueColumn>core_id</queryValueColumn></localResource></inputControl><inputControl><localResource xmlns:xsi="http://www.w3.org/2001/XMLSchema-instance" exportedWithPermissions="false" xsi:type="inputControl"><folder>/CAM/PrivateBalances1.0_files</folder><name>P_ORDER</name><version>29</version><label>ORDER BY DATE</label><description></description><creationDate>2015-03-31T23:37:00.759Z</creationDate><updateDate>2015-03-31T23:37:00.759Z</updateDate><type>3</type><mandatory>true</mandatory><readOnly>false</readOnly><visible>true</visible><listOfValues><uri>/static_lists/ORDER</uri></listOfValues></localResource></inputControl><inputControl><localResource xmlns:xsi="http://www.w3.org/2001/XMLSchema-instance" exportedWithPermissions="false" xsi:type="inputControl"><folder>/CAM/PrivateBalances1.0_files</folder><name>P_LIMIT</name><version>29</version><label>ROW LIMIT</label><description></description><creationDate>2015-03-31T23:37:00.759Z</creationDate><updateDate>2015-03-31T23:37:00.759Z</updateDate><type>3</type><mandatory>true</mandatory><readOnly>false</readOnly><visible>true</visible><listOfValues><uri>/static_lists/LIMIT</uri></listOfValues></localResource></inputControl><inputControlRenderingView></inputControlRenderingView><alwaysPromptControls>true</alwaysPromptControls><controlsLayout>4</controlsLayout></reportUnit>