<?xml version="1.0" encoding="UTF-8"?>
<folder exportedWithPermissions="true"><parent>/themes/jasper_dark</parent><name>images</name><label>images</label><creationDate>2015-03-04T16:56:08.498Z</creationDate><updateDate>2014-11-21T23:46:41.996Z</updateDate><resource>adhoc_datatree_icons_sprite.png</resource><resource>banner_bkgd.png</resource><resource>button_action_primary_sprite.png</resource><resource>button_capsule_sprite.png</resource><resource>dashboard_designer_sprite.png</resource><resource>dialog_button_sprite.png</resource><resource>disclosure_indicators_sprite.png</resource><resource>footer_bkgd.png</resource><resource>home_bkgd.png</resource><resource>home_icons_sprite.png</resource><resource>homePages_icons_sprite.png</resource><resource>list_node_animation.gif</resource><resource>lists_sprite.png</resource><resource>menu_primaryNav_sprite.png</resource><resource>search_sprite.png</resource><resource>tabs_horizontal_sprite.png</resource><resource>tabs_vertical_sprite.png</resource><resource>ui-icons_469bdd_256x240.png</resource><resource>wait_animation_large.gif</resource></folder>