<?xml version="1.0" encoding="UTF-8"?>
<listOfValues exportedWithPermissions="true"><folder>/static_lists/OPENBOOK</folder><name>OPENBOOK_TYPE</name><version>3</version><label>OPENBOOK_TYPE</label><description>ASK OR BID OR ALL</description><creationDate>2015-04-23T16:54:10.436Z</creationDate><updateDate>2015-03-19T21:43:32.294Z</updateDate><item><itemLabel>ALL</itemLabel><itemValue xmlns:xsi="http://www.w3.org/2001/XMLSchema-instance" xsi:type="java:java.lang.String">ALL</itemValue></item><item><itemLabel>ASK</itemLabel><itemValue xmlns:xsi="http://www.w3.org/2001/XMLSchema-instance" xsi:type="java:java.lang.String">0</itemValue></item><item><itemLabel>BID</itemLabel><itemValue xmlns:xsi="http://www.w3.org/2001/XMLSchema-instance" xsi:type="java:java.lang.String">1</itemValue></item></listOfValues>