<?xml version="1.0" encoding="UTF-8"?>
<listOfValues exportedWithPermissions="true"><folder>/static_lists/CAMFUNDS</folder><name>ACTIVE_ORDERS</name><version>0</version><label>ACTIVE_ORDERS</label><description>BALANCE ACTIVE ORDERS FILTER</description><creationDate>2015-03-30T23:14:18.857Z</creationDate><updateDate>2015-03-30T23:14:18.857Z</updateDate><item><itemLabel>ALL</itemLabel><itemValue xmlns:xsi="http://www.w3.org/2001/XMLSchema-instance" xsi:type="java:java.lang.String">ALL</itemValue></item><item><itemLabel>WITHOUT ACTIVE ORDERS</itemLabel><itemValue xmlns:xsi="http://www.w3.org/2001/XMLSchema-instance" xsi:type="java:java.lang.String">0</itemValue></item></listOfValues>