<?xml version="1.0" encoding="UTF-8"?>
<listOfValues exportedWithPermissions="true"><folder>/static_lists</folder><name>ORDER</name><version>1</version><label>ORDER</label><description>order criteria for an order by clause</description><creationDate>2015-04-06T16:50:52.089Z</creationDate><updateDate>2015-04-06T16:51:21.921Z</updateDate><item><itemLabel>DESCENDENT</itemLabel><itemValue xmlns:xsi="http://www.w3.org/2001/XMLSchema-instance" xsi:type="java:java.lang.String">DESC</itemValue></item><item><itemLabel>ASCENDENT</itemLabel><itemValue xmlns:xsi="http://www.w3.org/2001/XMLSchema-instance" xsi:type="java:java.lang.String">ASC</itemValue></item></listOfValues>