<?xml version="1.0" encoding="UTF-8"?>
<reportUnit exportedWithPermissions="true"><folder>/CAM</folder><name>ExchangeBalances2.0</name><version>41</version><label>Exchange Balances 2.0</label><description>Exchange Balances, now with Core and account information &#xd;
&#xd;
Balances for every CAM account</description><creationDate>2015-03-31T00:25:59.793Z</creationDate><updateDate>2015-04-13T18:03:57.629Z</updateDate><mainReport><localResource xmlns:xsi="http://www.w3.org/2001/XMLSchema-instance" exportedWithPermissions="false" dataFile="main_jrxml.data" xsi:type="fileResource"><folder>/CAM/ExchangeBalances2.0_files</folder><name>main_jrxml</name><version>26</version><label>Main jrxml</label><creationDate>2015-04-06T16:43:23.236Z</creationDate><updateDate>2015-04-13T18:02:20.989Z</updateDate><fileType>jrxml</fileType></localResource></mainReport><dataSource><uri>/DataSources/CAM_OPENBOOKS</uri></dataSource><inputControl><localResource xmlns:xsi="http://www.w3.org/2001/XMLSchema-instance" exportedWithPermissions="false" xsi:type="inputControl"><folder>/CAM/ExchangeBalances2.0_files</folder><name>P_FROM_DATE</name><version>35</version><label>FROM DATE :  yyyy-mm-dd HH:MM:SS</label><description></description><creationDate>2015-04-06T16:43:25.169Z</creationDate><updateDate>2015-04-06T16:43:25.169Z</updateDate><type>2</type><mandatory>true</mandatory><readOnly>false</readOnly><visible>true</visible><dataType><localResource exportedWithPermissions="false" xsi:type="dataType"><folder>/CAM/ExchangeBalances2.0_files/P_FROM_DATE_files</folder><name>myDatatype</name><version>1</version><label>myDatatype</label><description></description><creationDate>2015-04-06T16:43:25.169Z</creationDate><updateDate>2015-04-06T16:43:25.169Z</updateDate><type>4</type><strictMin>false</strictMin><strictMax>false</strictMax></localResource></dataType></localResource></inputControl><inputControl><localResource xmlns:xsi="http://www.w3.org/2001/XMLSchema-instance" exportedWithPermissions="false" xsi:type="inputControl"><folder>/CAM/ExchangeBalances2.0_files</folder><name>P_TO_DATE</name><version>33</version><label>TO DATE: yyyy-mm-dd HH:MM:SS</label><description></description><creationDate>2015-04-06T16:43:25.757Z</creationDate><updateDate>2015-04-06T16:43:25.757Z</updateDate><type>2</type><mandatory>true</mandatory><readOnly>false</readOnly><visible>true</visible><dataType><localResource exportedWithPermissions="false" xsi:type="dataType"><folder>/CAM/ExchangeBalances2.0_files/P_TO_DATE_files</folder><name>myDatatype</name><version>1</version><label>myDatatype</label><description></description><creationDate>2015-04-06T16:43:25.757Z</creationDate><updateDate>2015-04-06T16:43:25.757Z</updateDate><type>4</type><strictMin>false</strictMin><strictMax>false</strictMax></localResource></dataType></localResource></inputControl><inputControl><localResource xmlns:xsi="http://www.w3.org/2001/XMLSchema-instance" exportedWithPermissions="false" xsi:type="inputControl"><folder>/CAM/ExchangeBalances2.0_files</folder><name>P_EXCHANGE_ID</name><version>31</version><label>EXCHANGE</label><description></description><creationDate>2015-04-06T16:43:26.296Z</creationDate><updateDate>2015-04-06T16:43:26.296Z</updateDate><type>4</type><mandatory>true</mandatory><readOnly>false</readOnly><visible>true</visible><query><uri>/querys/CAMFUNDS/EXCHANGE</uri></query><queryVisibleColumn>exchange</queryVisibleColumn><queryValueColumn>exchange_id</queryValueColumn></localResource></inputControl><inputControl><localResource xmlns:xsi="http://www.w3.org/2001/XMLSchema-instance" exportedWithPermissions="false" xsi:type="inputControl"><folder>/CAM/ExchangeBalances2.0_files</folder><name>P_FIAT_CURRENCY</name><version>29</version><label>FROM CURRENCY</label><description></description><creationDate>2015-04-06T16:43:26.887Z</creationDate><updateDate>2015-04-06T16:43:26.887Z</updateDate><type>4</type><mandatory>true</mandatory><readOnly>false</readOnly><visible>true</visible><query><uri>/querys/CAMFUNDS/FIAT_CURRENCY</uri></query><queryVisibleColumn>currency_code</queryVisibleColumn><queryValueColumn>currency_id</queryValueColumn></localResource></inputControl><inputControl><localResource xmlns:xsi="http://www.w3.org/2001/XMLSchema-instance" exportedWithPermissions="false" xsi:type="inputControl"><folder>/CAM/ExchangeBalances2.0_files</folder><name>P_CRYPTO_CURRENCY</name><version>27</version><label>TO CURRENCY</label><description></description><creationDate>2015-04-06T16:43:27.578Z</creationDate><updateDate>2015-04-06T16:43:27.578Z</updateDate><type>4</type><mandatory>true</mandatory><readOnly>false</readOnly><visible>true</visible><query><uri>/querys/CAMFUNDS/CRYPTO_CURRENCY</uri></query><queryVisibleColumn>currency_code</queryVisibleColumn><queryValueColumn>currency_id</queryValueColumn></localResource></inputControl><inputControl><localResource xmlns:xsi="http://www.w3.org/2001/XMLSchema-instance" exportedWithPermissions="false" xsi:type="inputControl"><folder>/CAM/ExchangeBalances2.0_files</folder><name>P_BUC</name><version>25</version><label>CORE</label><description></description><creationDate>2015-04-06T16:43:28.194Z</creationDate><updateDate>2015-04-06T16:43:28.194Z</updateDate><type>4</type><mandatory>true</mandatory><readOnly>false</readOnly><visible>true</visible><query><uri>/querys/CAMFUNDS/CORE</uri></query><queryVisibleColumn>core</queryVisibleColumn><queryValueColumn>core_id</queryValueColumn></localResource></inputControl><inputControl><localResource xmlns:xsi="http://www.w3.org/2001/XMLSchema-instance" exportedWithPermissions="false" xsi:type="inputControl"><folder>/CAM/ExchangeBalances2.0_files</folder><name>P_ORDER</name><version>23</version><label>ORDER BY DATE</label><description></description><creationDate>2015-04-06T16:43:28.863Z</creationDate><updateDate>2015-04-06T16:43:28.863Z</updateDate><type>3</type><mandatory>true</mandatory><readOnly>false</readOnly><visible>true</visible><listOfValues><uri>/static_lists/ORDER</uri></listOfValues></localResource></inputControl><inputControl><localResource xmlns:xsi="http://www.w3.org/2001/XMLSchema-instance" exportedWithPermissions="false" xsi:type="inputControl"><folder>/CAM/ExchangeBalances2.0_files</folder><name>P_ACTIVE_ORDERS</name><version>19</version><label>ACTIVE ORDERS</label><description></description><creationDate>2015-04-06T16:43:30.169Z</creationDate><updateDate>2015-04-06T16:43:30.169Z</updateDate><type>3</type><mandatory>true</mandatory><readOnly>false</readOnly><visible>true</visible><listOfValues><uri>/static_lists/CAMFUNDS/ACTIVE_ORDERS</uri></listOfValues></localResource></inputControl><inputControl><localResource xmlns:xsi="http://www.w3.org/2001/XMLSchema-instance" exportedWithPermissions="false" xsi:type="inputControl"><folder>/CAM/ExchangeBalances2.0_files</folder><name>P_LIMIT</name><version>15</version><label>ROW LIMIT</label><description></description><creationDate>2015-04-06T17:27:15.667Z</creationDate><updateDate>2015-04-06T17:27:15.667Z</updateDate><type>3</type><mandatory>true</mandatory><readOnly>false</readOnly><visible>true</visible><listOfValues><uri>/static_lists/LIMIT</uri></listOfValues></localResource></inputControl><inputControlRenderingView></inputControlRenderingView><alwaysPromptControls>true</alwaysPromptControls><controlsLayout>4</controlsLayout></reportUnit>