<?xml version="1.0" encoding="UTF-8"?>
<folder exportedWithPermissions="true"><parent>/</parent><name>querys</name><label>querys</label><description></description><creationDate>2015-03-04T18:17:51.790Z</creationDate><updateDate>2015-03-04T18:17:51.790Z</updateDate><folder>CAMFUNDS</folder><permission><permissionMask>32</permissionMask><recipient recipientType="role">CAM_REPORTS</recipient></permission><permission><permissionMask>32</permissionMask><recipient recipientType="role">ROLE_USER</recipient></permission></folder>