<?xml version="1.0" encoding="UTF-8"?>
<folder exportedWithPermissions="true"><parent>/</parent><name>DataSources</name><label>DataSources</label><description></description><creationDate>2015-03-04T18:26:57.645Z</creationDate><updateDate>2015-03-04T18:26:57.645Z</updateDate><permission><permissionMask>32</permissionMask><recipient recipientType="role">ROLE_USER</recipient></permission><permission><permissionMask>32</permissionMask><recipient recipientType="role">CAM_REPORTS</recipient></permission></folder>