<?xml version="1.0" encoding="UTF-8"?>
<folder exportedWithPermissions="true"><name>/</name><label>root</label><description>Root of the folder hierarchy</description><creationDate>2015-03-04T16:56:08.132Z</creationDate><updateDate>2014-11-21T23:46:25.716Z</updateDate><folder>CAM</folder><folder>CAM_BI</folder><folder>DataSources</folder><folder>Development</folder><folder>jdbc</folder><folder>properties</folder><folder>querys</folder><folder>static_lists</folder><folder>themes</folder><permission><permissionMask>1</permissionMask><recipient recipientType="role">ROLE_ADMINISTRATOR</recipient></permission><permission><permissionMask>2</permissionMask><recipient recipientType="role">ROLE_USER</recipient></permission></folder>